no	file_name	memos
1	2017-01-06_08-40-13_000.jpg	
2	2017-01-06_08-29-46_000.jpg	
3	2017-01-06_02-16-26_011.jpg	
4	2017-01-06_02-16-26_010.jpg	
5	2017-01-06_02-16-26_009.jpg	
6	2017-01-06_02-16-26_008.jpg	
7	2017-01-06_02-16-26_007.jpg	
8	2017-01-06_02-16-26_006.jpg	
9	2017-01-06_02-16-26_005.jpg	
10	2017-01-06_02-16-26_004.jpg	
11	2017-01-06_02-16-26_003.jpg	
12	2017-01-06_02-16-26_002.jpg	
13	2017-01-06_02-16-26_001.jpg	
14	2017-01-06_02-16-26_000.jpg	
15	2017-01-05_21-36-32_000.jpg	
16	2017-01-05_20-54-34_000.jpg	
17	2017-01-05_20-53-34_000.jpg	
18	2017-01-05_20-52-43_000.jpg	
19	2017-01-05_20-51-38_000.jpg	
20	2017-01-05_20-50-06_000.jpg	
21	2017-01-05_20-48-06_000.jpg	
22	2017-01-05_19-52-26_000.jpg	
23	2017-01-05_18-56-55_000.jpg	
24	2017-01-05_17-15-42_000.jpg	
25	2017-01-05_17-15-38_000.jpg	
26	2017-01-05_17-15-20_000.jpg	
27	2017-01-05_17-15-05_000.jpg	
28	2017-01-05_17-14-57_000.jpg	
29	2017-01-05_17-14-43_000.jpg	
30	2017-01-05_17-14-04_000.jpg	
31	2017-01-05_17-14-00_000.jpg	
32	2017-01-05_17-13-45_000.jpg	
33	2017-01-05_17-13-42_000.jpg	
34	2017-01-05_17-13-29_000.jpg	
35	2017-01-05_17-13-19_000.jpg	
36	2017-01-05_17-13-05_000.jpg	
37	2017-01-05_17-12-18_000.jpg	
38	2017-01-05_17-01-34_000.jpg	
39	2017-01-05_17-01-14_000.jpg	
40	2017-01-05_16-58-33_000.jpg	
41	2017-01-05_16-30-31_000.jpg	
42	2017-01-05_16-28-41_000.jpg	
43	2017-01-05_16-25-16_000.jpg	
44	2017-01-05_16-18-07_000.jpg	
45	2017-01-05_16-16-48_000.jpg	
46	2017-01-05_16-15-17_000.jpg	
47	2017-01-05_16-15-11_000.jpg	
48	2017-01-05_16-10-37_000.jpg	
49	2017-01-05_15-51-38_000.jpg	
50	2017-01-05_15-51-25_000.jpg	
51	2017-01-05_15-50-00_000.jpg	
52	2017-01-05_15-49-45_000.jpg	
53	2017-01-05_15-41-09_000.jpg	保管場所
54	2017-01-05_14-00-41_000.jpg	
